Property,Model,Representation,N_train,N_val,N_test,Val_R2,Val_MAE,Val_RMSE,Test_R2,Test_MAE,Test_RMSE
rho,XGB,MACCS_167,1208,227,256,0.6075837319238331,0.07256872132871293,0.13475904779813536,0.775127863992206,0.056339944417600825,0.10152140734352481
rho,XGB,Morgan_2048,1208,227,256,0.5456171248383683,0.07288516769773286,0.14500915092253874,0.7607599976220684,0.06125318876507381,0.10471447170048946
rho,RF,MACCS_167,1208,227,256,0.6179028645165502,0.07055532212933444,0.13297540536713562,0.7590595200878827,0.06025796125741319,0.10508595914220335
rho,XGB,PolyEmb_300,1208,227,256,0.6840264766318505,0.06225073043011009,0.12092324093713011,0.7390295328034143,0.05699760583112637,0.1093667958081652
rho,RF,Morgan_2048,1208,227,256,0.6099105224649445,0.07385110735763219,0.13435893408501232,0.7269273984817894,0.06464453569699143,0.11187392388348884
rho,RF,PolyEmb_300,1208,227,256,0.662911082180179,0.06822239940930719,0.12489834089382451,0.7126947854548666,0.062375493760540746,0.11475234286994705
rho,XGB,RDKit_2048,1208,227,256,0.608152981544669,0.07240671590942294,0.134661269771001,0.6784965337035191,0.06275718021797637,0.12138992323552036
rho,RF,RDKit_2048,1208,227,256,0.5492270363611156,0.08007813804988635,0.14443197902564828,0.6258623691882729,0.06787654199152693,0.130950000028788
tg,XGB,RDKit_2048,5052,1053,1069,0.8808412247670234,25.961842687690737,37.83619646137288,0.886366765106133,25.2386382485685,38.19534605255169
tg,XGB,PolyEmb_300,5052,1053,1069,0.8754389575737883,26.70553699093704,38.68437401348829,0.8821094246986052,26.0582133473895,38.90427330350228
tg,RF,Morgan_2048,5052,1053,1069,0.8763151826931354,26.28878559540963,38.54807119785688,0.8754780261225376,26.82170514558024,39.9834957885365
tg,XGB,Morgan_2048,5052,1053,1069,0.8742424208800633,27.170879960985417,38.86973150408913,0.8735115284597433,27.878627444946176,40.29797622645078
tg,RF,PolyEmb_300,5052,1053,1069,0.863057138361539,28.521938913919204,40.56151389064146,0.8696604275350038,28.475275227634324,40.90683792015169
tg,RF,MACCS_167,5052,1053,1069,0.8628511312199474,28.052160493307593,40.592011359686595,0.864501909908809,28.778420531867546,41.708478834023595
tg,RF,RDKit_2048,5052,1053,1069,0.8593094106969679,28.329996395708477,41.112792930224465,0.864174009640811,28.08955070631287,41.758914812086154
tg,XGB,MACCS_167,5052,1053,1069,0.8508686199654453,29.158677894275904,42.32811952481849,0.8591944956035237,29.28014768852041,42.5174862868737
tm,XGB,Morgan_2048,2549,557,545,0.6805687181751241,41.017543753915604,59.86323517957012,0.7458167735821332,40.481321086358584,57.005830136557776
tm,XGB,PolyEmb_300,2549,557,545,0.7236197616095801,38.63944064767542,55.68329869241329,0.7344731030545979,40.86493090148366,58.263972297640706
tm,XGB,RDKit_2048,2549,557,545,0.7196438811149735,38.21471462101369,56.08238585921737,0.7293309634482661,40.83598985584504,58.8254311462943
tm,RF,Morgan_2048,2549,557,545,0.6723154542382568,41.80029265840271,60.63165758162573,0.7275844495359961,41.4304005868455,59.014913907463836
tm,RF,PolyEmb_300,2549,557,545,0.6842919104489866,42.545668376996495,59.513338938830316,0.7191925521786192,43.30344857746108,59.91701119168604
tm,RF,MACCS_167,2549,557,545,0.6881084443385572,42.09254502920652,59.15252255492627,0.715226596738285,43.435821466953236,60.338643598709666
tm,RF,RDKit_2048,2549,557,545,0.6983734372490814,40.12930700172741,58.17096308004748,0.7143300301694107,43.408998423068205,60.43355256382893
tm,XGB,MACCS_167,2549,557,545,0.6892730009963673,42.25108480767388,59.04198591807739,0.7084299639225836,43.45320194909332,61.05444330124534
